positionId,positionName,committeeId,committeeName,schoolId,schoolName,,,,,,In DB,,,,school,,,,
537,Margaret Heckler - Massachusetts,79,Convention on the Elimination of all Forms of Discrimination Against Women (CEDAW),114,ARMUN,,77,24,0,77,24,,,,83,24,0,83,24
744,Krim Belkacem,89,Post-Colonial Algeria (1962),114,ARMUN,,78,15,0,78,15,,,,84,14,0,84,14
624,Henry Havemeyer,77,The Gilded Age (1892),114,ARMUN,,79,21,0,79,21,49,cedaw,,85,30,0,85,30
617,Fred DuBois,77,The Gilded Age (1892),114,ARMUN,,80,26,2,80,28,,estatesgeneral,,86,25,0,86,25
296,Benin,103,United Nations Economic and Social Council,114,ARMUN,,81,16,1,81,17,,,,87,12,0,87,12
298,Columbia,103,United Nations Economic and Social Council,114,ARMUN,,82,16,1,82,17,,,,88,24,0,88,24
408,Ethiopia,108,"United Nations Educational, Scientific, and Cultural Organization",114,ARMUN,,83,16,0,83,16,press corps,,,89,8,0,89,8
418,Pakistan,108,"United Nations Educational, Scientific, and Cultural Organization",114,ARMUN,,84,11,0,84,11,,,,90,18,0,90,18
89,Portugal,98,United Nations Human Rights Council,114,ARMUN,,85,28,0,85,28,,,,91,6,0,91,6
97,Greece,98,United Nations Human Rights Council,114,ARMUN,,86,23,0,86,23,,,,92,16,0,92,16
559,"Keir Starmer, Shadow Secretary of State for Leaving the European Union",93,Brexit,111,Auburn High School,,87,22,0,87,22,,,,93,18,0,93,18
507,Reémy-Louis de Croÿ,80,Estates General (1789),111,Auburn High School,,88,17,0,88,17,,,,94,8,0,94,8
171,Greece,99,European Union,111,Auburn High School,,89,19,0,89,19,,,,96,28,0,96,28
177,Luxembourg,99,European Union,111,Auburn High School,,90,0,0,90,0,,,,97,25,0,97,25
382,Egypt,105,GA Plenary,111,Auburn High School,,91,15,0,91,15,,,,98,10,0,98,10
363,Germany,105,GA Plenary,111,Auburn High School,,92,18,0,92,18,,,,99,18,0,99,18
493,Lázaro Cárdenas,82,Mexican Constitutional Congress (1917),111,Auburn High School,,93,19,1,93,20,,,,100,15,0,100,15
475,Ward 12: Councilman John Paulson,78,Providence City Council (1975),111,Auburn High School,,94,14,0,94,14,,,,103,15,0,103,15
299,Democratic Republic of the Congo,103,United Nations Economic and Social Council,111,Auburn High School,,95,22,1,95,23,,,,104,40,0,104,40
295,Belarus,103,United Nations Economic and Social Council,111,Auburn High School,,96,24,6,96,30,,,,105,12,0,105,12
226,Greece,102,United Nations Environmental Programme,111,Auburn High School,,97,30,0,97,30,,,,106,14,0,106,14
221,Denmark,102,United Nations Environmental Programme,111,Auburn High School,,98,30,0,98,30,,,,107,10,0,107,10
282,Palestine,106,United Nations International Children’s Emergency Fund,111,Auburn High School,,99,29,0,99,29,EU,,,108,13,0,108,13
279,Mauritania,106,United Nations International Children’s Emergency Fund,111,Auburn High School,,100,28,1,100,29,,,,109,24,0,109,24
508,Louis Philippe Joseph d’Orleans,80,Estates General (1789),100,Austin Preparatory School,,101,15,0,101,15,security council,,,110,15,0,110,15
359,Russia,105,GA Plenary,100,Austin Preparatory School,,102,26,2,102,28,,,,111,14,0,111,14
391,Spain,105,GA Plenary,100,Austin Preparatory School,,103,34,0,103,34,,,,113,12,0,113,12
446,Poland,111,Special Political and Decolonization Committee,100,Austin Preparatory School,,104,21,0,104,21,,,,114,10,0,114,10
460,Lebanon,111,Special Political and Decolonization Committee,100,Austin Preparatory School,,105,41,0,105,41,,,,115,20,0,115,20
752,Joseph Keeman (US),94,Tokyo Trials (1946-48),100,Austin Preparatory School,,106,28,0,106,28,,,,116,9,0,116,9
261,Turkey,107,UN Women,100,Austin Preparatory School,,107,24,5,107,29,women,,,117,20,0,117,20
319,Russian Federation,103,United Nations Economic and Social Council,100,Austin Preparatory School,,108,25,0,108,25,,,,118,12,0,118,12
300,Dominican Republic,103,United Nations Economic and Social Council,100,Austin Preparatory School,,109,39,0,109,39,,,,120,12,0,120,12
219,Cyprus,102,United Nations Environmental Programme,100,Austin Preparatory School,,110,30,0,110,30,,,,121,16,0,121,16
230,Pakistan,102,United Nations Environmental Programme,100,Austin Preparatory School,,111,25,0,111,25,,,,122,14,0,122,14
125,Malta,110,United Nations High Commissioner for Refugees,100,Austin Preparatory School,,112,14,0,112,14,,,,123,15,0,123,15
121,Ireland,110,United Nations High Commissioner for Refugees,100,Austin Preparatory School,,113,15,0,113,15,frankfurt,,,124,16,0,124,16
338,Libya,100,United Nations Office on Drugs and Crime,100,Austin Preparatory School,,114,0,0,114,0,,,,125,9,0,125,9
352,Sudan,100,United Nations Office on Drugs and Crime,100,Austin Preparatory School,,115,14,2,115,16,,,,126,12,0,126,12
562,"Kirsty Blackman, SNP spokesperson on the Economy",93,Brexit,103,Barrington High School,,,834,22,,856,,,,128,18,0,128,18
504,François Victor du Bois,80,Estates General (1789),103,Barrington High School,,,,,,,,,,129,20,0,129,20
383,Dominican Republic,105,GA Plenary,103,Barrington High School,,,,,,,,,,130,30,0,130,30
481,Emiliano Zapata,82,Mexican Constitutional Congress (1917),103,Barrington High School,,,,,,,,,,131,13,0,131,13
842,Al Jazeera 1,83,Press Corps (2019),103,Barrington High School,,,,,,,,,,140,1,0,140,1
854,Sydney Morning Herald 2,83,Press Corps (2019),103,Barrington High School,,,,,,,,,,147,27,0,147,27
468,Ward 5: Councilwoman Helen Blackwood,78,Providence City Council (1975),103,Barrington High School,,,,,,,,,,148,35,0,148,35
762,Prime Minister Shigeru Yoshida (Japan),94,Tokyo Trials (1946-48),103,Barrington High School,,,,,,,,,,152,10,0,152,10
755,Ju-ao Mei (China),94,Tokyo Trials (1946-48),103,Barrington High School,,,,,,,,,,153,8,0,153,8
323,Switzerland,103,United Nations Economic and Social Council,103,Barrington High School,,,,,,,,,,154,12,0,154,12
307,Ireland,103,United Nations Economic and Social Council,103,Barrington High School,,,,,,,,,,155,4,0,155,4
211,USA,102,United Nations Environmental Programme,103,Barrington High School,,,,,,,,,,156,17,0,156,17
267,United Kingdom,106,United Nations International Children’s Emergency Fund,103,Barrington High School,,,,,,,,,,157,6,0,157,6
340,Italy,100,United Nations Office on Drugs and Crime,103,Barrington High School,,,,,,,,,,,,,,
159,Venezuela,96,World Health Organization,103,Barrington High School,,,,,,,,,,,,,,
564,"Peter Grant, SNP Spokesperson on Exiting the European Union",93,Brexit,113,Beaver Country Day School ,,,,,,,,,,,,,,
689,Ambassador Colombo,88,Congress of Lutsk (1429) ,113,Beaver Country Day School ,,,,,,,,,,,,,,
695,Delegate Heimrad,88,Congress of Lutsk (1429) ,113,Beaver Country Day School ,,,,,,,,,,,,,,
542,Nancy Kassebaum - Kansas,79,Convention on the Elimination of all Forms of Discrimination Against Women (CEDAW),113,Beaver Country Day School ,,,,,,,,,,,,,,
747,Hélène Cixous ,89,Post-Colonial Algeria (1962),113,Beaver Country Day School ,,,,,,,,,,,,,,
740,Jean Sénac,89,Post-Colonial Algeria (1962),113,Beaver Country Day School ,,,,,,,,,,,,,,
476,Ward 13: Councilwoman Amelia Lively,78,Providence City Council (1975),113,Beaver Country Day School ,,,,,,,,,,,,,,
613,Joseph Carey,77,The Gilded Age (1892),113,Beaver Country Day School ,,,,,,,,,,,,,,
611,Robert M. La Follette,77,The Gilded Age (1892),113,Beaver Country Day School ,,,,,,,,,,,,,,
231,Afghanistan,102,United Nations Environmental Programme,113,Beaver Country Day School ,,,,,,,,,,,,,,
75,Algeria,98,United Nations Human Rights Council,113,Beaver Country Day School ,,,,,,,,,,,,,,
275,Finland,106,United Nations International Children’s Emergency Fund,113,Beaver Country Day School ,,,,,,,,,,,,,,
23,Nigeria,109,African Union,126,Bedford High School,,,,,,,,,,,,,,
34,Zimbabwe,109,African Union,126,Bedford High School,,,,,,,,,,,,,,
60,Kenya ,97,Disarmament and International Security Committee,126,Bedford High School,,,,,,,,,,,,,,
46,Dominican Republic,97,Disarmament and International Security Committee,126,Bedford High School,,,,,,,,,,,,,,
178,Malta,99,European Union,126,Bedford High School,,,,,,,,,,,,,,
185,Spain,99,European Union,126,Bedford High School,,,,,,,,,,,,,,
394,Cameroon,105,GA Plenary,126,Bedford High School,,,,,,,,,,,,,,
386,Madagascar,105,GA Plenary,126,Bedford High School,,,,,,,,,,,,,,
435,Kuwait,101,Security Council,126,Bedford High School,,,,,,,,,,,,,,
438,South Africa,101,Security Council,126,Bedford High School,,,,,,,,,,,,,,
216,Botswana,102,United Nations Environmental Programme,126,Bedford High School,,,,,,,,,,,,,,
227,Hungary ,102,United Nations Environmental Programme,126,Bedford High School,,,,,,,,,,,,,,
385,Nigeria,105,GA Plenary,107,Bellaire High School,,,,,,,,,,,,,,
362,United Kingdom,105,GA Plenary,107,Bellaire High School,,,,,,,,,,,,,,
616,Edward Douglass White,77,The Gilded Age (1892),107,Bellaire High School,,,,,,,,,,,,,,
605,William Jennings Bryan,77,The Gilded Age (1892),107,Bellaire High School,,,,,,,,,,,,,,
322,Sudan,103,United Nations Economic and Social Council,107,Bellaire High School,,,,,,,,,,,,,,
313,Myanmar,103,United Nations Economic and Social Council,107,Bellaire High School,,,,,,,,,,,,,,
233,Netherlands,102,United Nations Environmental Programme,107,Bellaire High School,,,,,,,,,,,,,,
229,Italy,102,United Nations Environmental Programme,107,Bellaire High School,,,,,,,,,,,,,,
289,Slovakia,106,United Nations International Children’s Emergency Fund,107,Bellaire High School,,,,,,,,,,,,,,
287,Portugal,106,United Nations International Children’s Emergency Fund,107,Bellaire High School,,,,,,,,,,,,,,
782,Carl Theodor Welcker,113,Frankfurt Parliament (1848),105,Belmont High School,,,,,,,,,,,,,,
786,Gabriel Riesser,113,Frankfurt Parliament (1848),105,Belmont High School,,,,,,,,,,,,,,
803,Liberia,112,Organization of African Unity (1963),105,Belmont High School,,,,,,,,,,,,,,
796,Ghana,112,Organization of African Unity (1963),105,Belmont High School,,,,,,,,,,,,,,
778,Vanuatu,92,Pacific Island Leaders Meeting (2018),105,Belmont High School,,,,,,,,,,,,,,
763,Australia,92,Pacific Island Leaders Meeting (2018),105,Belmont High School,,,,,,,,,,,,,,
849,Times of India 2,83,Press Corps (2019),105,Belmont High School,,,,,,,,,,,,,,
841,Times of India 1,83,Press Corps (2019),105,Belmont High School,,,,,,,,,,,,,,
648,Alta Charo,86,Second International Summit on Human Genome Editing (2018),105,Belmont High School,,,,,,,,,,,,,,
655,Carrie Lam,86,Second International Summit on Human Genome Editing (2018),105,Belmont High School,,,,,,,,,,,,,,
609,Eugene Debs,77,The Gilded Age (1892),105,Belmont High School,,,,,,,,,,,,,,
626,Nelson Aldrich,77,The Gilded Age (1892),105,Belmont High School,,,,,,,,,,,,,,
570,India,95,Accelerando 2030,98,Belmont Hill School,,,,,,,,,,,,,,
557,"Tom Watson, Deputy Leader of the Labour Party",93,Brexit,98,Belmont Hill School,,,,,,,,,,,,,,
518,Marie-Elise Dubois,80,Estates General (1789),98,Belmont Hill School,,,,,,,,,,,,,,
485,"Smedley McClintock III., Senior Partner at Sullivan and Cromwell",82,Mexican Constitutional Congress (1917),98,Belmont Hill School,,,,,,,,,,,,,,
853,DAWN 2,83,Press Corps (2019),98,Belmont Hill School,,,,,,,,,,,,,,
643,George Church,86,Second International Summit on Human Genome Editing (2018),98,Belmont Hill School,,,,,,,,,,,,,,
758,Miyake Shotaro (Japan),94,Tokyo Trials (1946-48),98,Belmont Hill School,,,,,,,,,,,,,,
723,South Africa,85,UN Climate Change Conference (2020),98,Belmont Hill School,,,,,,,,,,,,,,
348,Netherlands,100,United Nations Office on Drugs and Crime,98,Belmont Hill School,,,,,,,,,,,,,,
332,France,100,United Nations Office on Drugs and Crime,98,Belmont Hill School,,,,,,,,,,,,,,
838,Uzbek Soviet Socialist Republic,115,27th Congress of the Communist Party of the Soviet Union (1986),153,Boston University Academy,,,,,,,,,,,,,,
825,Armenian Soviet Socialist Republic,115,27th Congress of the Communist Party of the Soviet Union (1986),153,Boston University Academy,,,,,,,,,,,,,,
584,Kenya,95,Accelerando 2030,153,Boston University Academy,,,,,,,,,,,,,,
603,Position 16,81,Ad-Hoc,153,Boston University Academy,,,,,,,,,,,,,,
813,Shelley L. Reynolds,91,Amazon Board of Directors (2019),153,Boston University Academy,,,,,,,,,,,,,,
819,Judith A. McGrath,91,Amazon Board of Directors (2019),153,Boston University Academy,,,,,,,,,,,,,,
549,"Liam Fox, Secretary of State for Foreign Trade",93,Brexit,153,Boston University Academy,,,,,,,,,,,,,,
486,Antonio Diaz Soto y Gama,82,Mexican Constitutional Congress (1917),153,Boston University Academy,,,,,,,,,,,,,,
2,Angola,109,African Union,122,Buckingham Browne & Nichols,,,,,,,,,,,,,,
815,David A. Zapolsky,91,Amazon Board of Directors (2019),122,Buckingham Browne & Nichols,,,,,,,,,,,,,,
698,Ambassador Muhittin,88,Congress of Lutsk (1429) ,122,Buckingham Browne & Nichols,,,,,,,,,,,,,,
686,Emperor Sigismund of the Holy Roman Empire,88,Congress of Lutsk (1429) ,122,Buckingham Browne & Nichols,,,,,,,,,,,,,,
524,Edward Kennedy - Massachusetts,79,Convention on the Elimination of all Forms of Discrimination Against Women (CEDAW),122,Buckingham Browne & Nichols,,,,,,,,,,,,,,
49,Indonesia,97,Disarmament and International Security Committee,122,Buckingham Browne & Nichols,,,,,,,,,,,,,,
41,USA,97,Disarmament and International Security Committee,122,Buckingham Browne & Nichols,,,,,,,,,,,,,,
509,Marie Theres Louis,80,Estates General (1789),122,Buckingham Browne & Nichols,,,,,,,,,,,,,,
731,Messali Hadj,89,Post-Colonial Algeria (1962),122,Buckingham Browne & Nichols,,,,,,,,,,,,,,
678,Thomas Dell,87,Seneca Falls Convention (1848),122,Buckingham Browne & Nichols,,,,,,,,,,,,,,
682,Margaret Pryor,87,Seneca Falls Convention (1848),122,Buckingham Browne & Nichols,,,,,,,,,,,,,,
405,Canada,108,"United Nations Educational, Scientific, and Cultural Organization",122,Buckingham Browne & Nichols,,,,,,,,,,,,,,
419,Poland,108,"United Nations Educational, Scientific, and Cultural Organization",122,Buckingham Browne & Nichols,,,,,,,,,,,,,,
87,Netherlands,98,United Nations Human Rights Council,122,Buckingham Browne & Nichols,,,,,,,,,,,,,,
832,Latvian Soviet Socialist Republi,115,27th Congress of the Communist Party of the Soviet Union (1986),152,Burlington High School,,,,,,,,,,,,,,
835,Tajik Soviet Socialist Republic,115,27th Congress of the Communist Party of the Soviet Union (1986),152,Burlington High School,,,,,,,,,,,,,,
583,France,95,Accelerando 2030,152,Burlington High School,,,,,,,,,,,,,,
589,Position 2,81,Ad-Hoc,152,Burlington High School,,,,,,,,,,,,,,
10,Djibouti,109,African Union,152,Burlington High School,,,,,,,,,,,,,,
11,Egypt ,109,African Union,152,Burlington High School,,,,,,,,,,,,,,
822,Thomas O. Ryder,91,Amazon Board of Directors (2019),152,Burlington High School,,,,,,,,,,,,,,
189,Algeria,104,Arab League,152,Burlington High School,,,,,,,,,,,,,,
190,Bahrain,104,Arab League,152,Burlington High School,,,,,,,,,,,,,,
563,"Patrick Grady, SNP Chief Whip",93,Brexit,152,Burlington High School,,,,,,,,,,,,,,
3,Botswana,109,African Union,129,Cape Elizabeth High School,,,,,,,,,,,,,,
25,Somalia ,109,African Union,129,Cape Elizabeth High School,,,,,,,,,,,,,,
818,Daniel P. Huttenlocher,91,Amazon Board of Directors (2019),129,Cape Elizabeth High School,,,,,,,,,,,,,,
821,Jonathan J. Rubinstein ,91,Amazon Board of Directors (2019),129,Cape Elizabeth High School,,,,,,,,,,,,,,
203,Saudia Arabia,104,Arab League,129,Cape Elizabeth High School,,,,,,,,,,,,,,
194,Jordan,104,Arab League,129,Cape Elizabeth High School,,,,,,,,,,,,,,
701,Prince Vytautus of Lithuania,88,Congress of Lutsk (1429) ,129,Cape Elizabeth High School,,,,,,,,,,,,,,
56,Norway ,97,Disarmament and International Security Committee,129,Cape Elizabeth High School,,,,,,,,,,,,,,
55,Canada ,97,Disarmament and International Security Committee,129,Cape Elizabeth High School,,,,,,,,,,,,,,
182,Romania,99,European Union,129,Cape Elizabeth High School,,,,,,,,,,,,,,
168,Finland,99,European Union,129,Cape Elizabeth High School,,,,,,,,,,,,,,
377,Bahamas,105,GA Plenary,129,Cape Elizabeth High School,,,,,,,,,,,,,,
378,Switzerland,105,GA Plenary,129,Cape Elizabeth High School,,,,,,,,,,,,,,
429,Belgium ,101,Security Council,129,Cape Elizabeth High School,,,,,,,,,,,,,,
437,Poland,101,Security Council,129,Cape Elizabeth High School,,,,,,,,,,,,,,
669,Martha Wright,87,Seneca Falls Convention (1848),129,Cape Elizabeth High School,,,,,,,,,,,,,,
683,Harriet Cady Eaton,87,Seneca Falls Convention (1848),129,Cape Elizabeth High School,,,,,,,,,,,,,,
443,Italy,111,Special Political and Decolonization Committee,129,Cape Elizabeth High School,,,,,,,,,,,,,,
442,India,111,Special Political and Decolonization Committee,129,Cape Elizabeth High School,,,,,,,,,,,,,,
314,Netherlands,103,United Nations Economic and Social Council,129,Cape Elizabeth High School,,,,,,,,,,,,,,
836,Turkmen Soviet Socialist Republic,115,27th Congress of the Communist Party of the Soviet Union (1986),88,Clayton A. Bouton High School,,,,,,,,,,,,,,
36,Guinea,109,African Union,88,Clayton A. Bouton High School,,,,,,,,,,,,,,
26,South Africa,109,African Union,88,Clayton A. Bouton High School,,,,,,,,,,,,,,
785,Friedrich Wilhelm IV,113,Frankfurt Parliament (1848),88,Clayton A. Bouton High School,,,,,,,,,,,,,,
773,Papua New Guinea,92,Pacific Island Leaders Meeting (2018),88,Clayton A. Bouton High School,,,,,,,,,,,,,,
775,Solomon Islands,92,Pacific Island Leaders Meeting (2018),88,Clayton A. Bouton High School,,,,,,,,,,,,,,
657,Maria de Jesus Medina Arellano,86,Second International Summit on Human Genome Editing (2018),88,Clayton A. Bouton High School,,,,,,,,,,,,,,
647,Stephen Quake,86,Second International Summit on Human Genome Editing (2018),88,Clayton A. Bouton High School,,,,,,,,,,,,,,
452,China,111,Special Political and Decolonization Committee,88,Clayton A. Bouton High School,,,,,,,,,,,,,,
459,Bolivia,111,Special Political and Decolonization Committee,88,Clayton A. Bouton High School,,,,,,,,,,,,,,
760,United Kingdom,94,Tokyo Trials (1946-48),88,Clayton A. Bouton High School,,,,,,,,,,,,,,
759,Harry Truman (U.S.),94,Tokyo Trials (1946-48),88,Clayton A. Bouton High School,,,,,,,,,,,,,,
724,Afghanistan,85,UN Climate Change Conference (2020),88,Clayton A. Bouton High School,,,,,,,,,,,,,,
715,Guyana,85,UN Climate Change Conference (2020),88,Clayton A. Bouton High School,,,,,,,,,,,,,,
251,Yemen,107,UN Women,88,Clayton A. Bouton High School,,,,,,,,,,,,,,
252,Georgia,107,UN Women,88,Clayton A. Bouton High School,,,,,,,,,,,,,,
78,Egypt,98,United Nations Human Rights Council,88,Clayton A. Bouton High School,,,,,,,,,,,,,,
74,Russian Federation,98,United Nations Human Rights Council,88,Clayton A. Bouton High School,,,,,,,,,,,,,,
294,Lebanon,106,United Nations International Children’s Emergency Fund,88,Clayton A. Bouton High School,,,,,,,,,,,,,,
281,Oman,106,United Nations International Children’s Emergency Fund,88,Clayton A. Bouton High School,,,,,,,,,,,,,,
355,The United Arab EMirates,100,United Nations Office on Drugs and Crime,88,Clayton A. Bouton High School,,,,,,,,,,,,,,
333,Russian Federation,100,United Nations Office on Drugs and Crime,88,Clayton A. Bouton High School,,,,,,,,,,,,,,
146,Lithuania,96,World Health Organization,88,Clayton A. Bouton High School,,,,,,,,,,,,,,
141,Lebanon,96,World Health Organization,88,Clayton A. Bouton High School,,,,,,,,,,,,,,
38,Namibia,109,African Union,131,Concord Academy,,,,,,,,,,,,,,
27,South Sudan ,109,African Union,131,Concord Academy,,,,,,,,,,,,,,
816,Rosalind G. Brewer,91,Amazon Board of Directors (2019),131,Concord Academy,,,,,,,,,,,,,,
207,Tunisia,104,Arab League,131,Concord Academy,,,,,,,,,,,,,,
192,Djibouti,104,Arab League,131,Concord Academy,,,,,,,,,,,,,,
54,South Africa,97,Disarmament and International Security Committee,131,Concord Academy,,,,,,,,,,,,,,
40,United Kingdom,97,Disarmament and International Security Committee,131,Concord Academy,,,,,,,,,,,,,,
172,Hungary ,99,European Union,131,Concord Academy,,,,,,,,,,,,,,
165,Czechia ,99,European Union,131,Concord Academy,,,,,,,,,,,,,,
360,China,105,GA Plenary,131,Concord Academy,,,,,,,,,,,,,,
376,Somalia,105,GA Plenary,131,Concord Academy,,,,,,,,,,,,,,
607,Ida Tarbell,77,The Gilded Age (1892),131,Concord Academy,,,,,,,,,,,,,,
610,Samuel Gompers,77,The Gilded Age (1892),131,Concord Academy,,,,,,,,,,,,,,
585,Brazil,95,Accelerando 2030,148,Fayetteville-Manlius High School,,,,,,,,,,,,,,
593,Position 6,81,Ad-Hoc,148,Fayetteville-Manlius High School,,,,,,,,,,,,,,
6,Central African Republic ,109,African Union,148,Fayetteville-Manlius High School,,,,,,,,,,,,,,
20,Morocco,109,African Union,148,Fayetteville-Manlius High School,,,,,,,,,,,,,,
823,Patricia Q. Stonesifer,91,Amazon Board of Directors (2019),148,Fayetteville-Manlius High School,,,,,,,,,,,,,,
820,Indra K. Nooy,91,Amazon Board of Directors (2019),148,Fayetteville-Manlius High School,,,,,,,,,,,,,,
195,Kuwait,104,Arab League,148,Fayetteville-Manlius High School,,,,,,,,,,,,,,
209,Yemen,104,Arab League,148,Fayetteville-Manlius High School,,,,,,,,,,,,,,
545,"Theresa May, Prime Minister of the United Kingdom, leader of the Conservative party",93,Brexit,148,Fayetteville-Manlius High School,,,,,,,,,,,,,,
697,Ambassador Melek,88,Congress of Lutsk (1429) ,148,Fayetteville-Manlius High School,,,,,,,,,,,,,,
694,Delegate Bedrich,88,Congress of Lutsk (1429) ,148,Fayetteville-Manlius High School,,,,,,,,,,,,,,
637,Central America,84,Congress of Panama (1826),148,Fayetteville-Manlius High School,,,,,,,,,,,,,,
632,Gran Colombia,84,Congress of Panama (1826),148,Fayetteville-Manlius High School,,,,,,,,,,,,,,
529,Dennis DeConcini - Arizona,79,Convention on the Elimination of all Forms of Discrimination Against Women (CEDAW),148,Fayetteville-Manlius High School,,,,,,,,,,,,,,
43,France,97,Disarmament and International Security Committee,148,Fayetteville-Manlius High School,,,,,,,,,,,,,,
64,South Korea ,97,Disarmament and International Security Committee,148,Fayetteville-Manlius High School,,,,,,,,,,,,,,
186,Sweden,99,European Union,148,Fayetteville-Manlius High School,,,,,,,,,,,,,,
164,Cyprus,99,European Union,148,Fayetteville-Manlius High School,,,,,,,,,,,,,,
783,Friedrich Daniel Bassermann,113,Frankfurt Parliament (1848),148,Fayetteville-Manlius High School,,,,,,,,,,,,,,
794,Rudolf Haym,113,Frankfurt Parliament (1848),148,Fayetteville-Manlius High School,,,,,,,,,,,,,,
367,Indonesia,105,GA Plenary,148,Fayetteville-Manlius High School,,,,,,,,,,,,,,
371,Phillippines,105,GA Plenary,148,Fayetteville-Manlius High School,,,,,,,,,,,,,,
495,Editor of El País (main Catholic Newspaper in Mexico),82,Mexican Constitutional Congress (1917),148,Fayetteville-Manlius High School,,,,,,,,,,,,,,
797,Ethiopia,112,Organization of African Unity (1963),148,Fayetteville-Manlius High School,,,,,,,,,,,,,,
466,Ward 3: Councilman James O’Halligan,78,Providence City Council (1975),148,Fayetteville-Manlius High School,,,,,,,,,,,,,,
427,France,101,Security Council,148,Fayetteville-Manlius High School,,,,,,,,,,,,,,
433,Indonesia,101,Security Council,148,Fayetteville-Manlius High School,,,,,,,,,,,,,,
440,Cambodia,111,Special Political and Decolonization Committee,148,Fayetteville-Manlius High School,,,,,,,,,,,,,,
445,Mali,111,Special Political and Decolonization Committee,148,Fayetteville-Manlius High School,,,,,,,,,,,,,,
712,Japan,85,UN Climate Change Conference (2020),148,Fayetteville-Manlius High School,,,,,,,,,,,,,,
729,Colombia,85,UN Climate Change Conference (2020),148,Fayetteville-Manlius High School,,,,,,,,,,,,,,
311,Mexico,103,United Nations Economic and Social Council,148,Fayetteville-Manlius High School,,,,,,,,,,,,,,
317,Philipines,103,United Nations Economic and Social Council,148,Fayetteville-Manlius High School,,,,,,,,,,,,,,
407,China,108,"United Nations Educational, Scientific, and Cultural Organization",148,Fayetteville-Manlius High School,,,,,,,,,,,,,,
403,Bangladesh,108,"United Nations Educational, Scientific, and Cultural Organization",148,Fayetteville-Manlius High School,,,,,,,,,,,,,,
528,Howard Metzenbaum - Ohio,79,Convention on the Elimination of all Forms of Discrimination Against Women (CEDAW),120,Forman School,,,,,,,,,,,,,,
62,Madagascar ,97,Disarmament and International Security Committee,120,Forman School,,,,,,,,,,,,,,
63,Vietnam ,97,Disarmament and International Security Committee,120,Forman School,,,,,,,,,,,,,,
512,Francois Denis Tronchet,80,Estates General (1789),120,Forman School,,,,,,,,,,,,,,
736,Ahmed Ben Bella,89,Post-Colonial Algeria (1962),120,Forman School,,,,,,,,,,,,,,
743,Alphonse Juin,89,Post-Colonial Algeria (1962),120,Forman School,,,,,,,,,,,,,,
672,Catherine C. Paine,87,Seneca Falls Convention (1848),120,Forman School,,,,,,,,,,,,,,
666,Mary Ann M’Clintock,87,Seneca Falls Convention (1848),120,Forman School,,,,,,,,,,,,,,
409,France,108,"United Nations Educational, Scientific, and Cultural Organization",120,Forman School,,,,,,,,,,,,,,
401,Azerbaijan,108,"United Nations Educational, Scientific, and Cultural Organization",120,Forman School,,,,,,,,,,,,,,
79,Jordan,98,United Nations Human Rights Council,120,Forman School,,,,,,,,,,,,,,
99,Yemen,98,United Nations Human Rights Council,120,Forman School,,,,,,,,,,,,,,
576,Australia,95,Accelerando 2030,89,Fryeburg Academy,,,,,,,,,,,,,,
595,Position 8,81,Ad-Hoc,89,Fryeburg Academy,,,,,,,,,,,,,,
538,Orrin Hatch - Utah,79,Convention on the Elimination of all Forms of Discrimination Against Women (CEDAW),89,Fryeburg Academy,,,,,,,,,,,,,,
496,Anne Louis Henri de La Fare,80,Estates General (1789),89,Fryeburg Academy,,,,,,,,,,,,,,
660,Maurizio Balistreri,86,Second International Summit on Human Genome Editing (2018),89,Fryeburg Academy,,,,,,,,,,,,,,
702,United States of America,85,UN Climate Change Conference (2020),89,Fryeburg Academy,,,,,,,,,,,,,,
707,China,85,UN Climate Change Conference (2020),89,Fryeburg Academy,,,,,,,,,,,,,,
246,Bahrain,107,UN Women,89,Fryeburg Academy,,,,,,,,,,,,,,
555,"Gavin Robinson, DUP Westminster Spokesperson for Defense and Home Affairs",93,Brexit,117,Greenwich Academy,,,,,,,,,,,,,,
688,Ambassador Bianchi,88,Congress of Lutsk (1429) ,117,Greenwich Academy,,,,,,,,,,,,,,
693,Delegate Aswin,88,Congress of Lutsk (1429) ,117,Greenwich Academy,,,,,,,,,,,,,,
629,Spain,84,Congress of Panama (1826),117,Greenwich Academy,,,,,,,,,,,,,,
639,Great Britain,84,Congress of Panama (1826),117,Greenwich Academy,,,,,,,,,,,,,,
535,Barbara Jordan - Texas,79,Convention on the Elimination of all Forms of Discrimination Against Women (CEDAW),117,Greenwich Academy,,,,,,,,,,,,,,
66,India ,97,Disarmament and International Security Committee,117,Greenwich Academy,,,,,,,,,,,,,,
65,Japan ,97,Disarmament and International Security Committee,117,Greenwich Academy,,,,,,,,,,,,,,
162,Bulgaria,99,European Union,117,Greenwich Academy,,,,,,,,,,,,,,
163,Croatia,99,European Union,117,Greenwich Academy,,,,,,,,,,,,,,
482,Álvaro Obregón,82,Mexican Constitutional Congress (1917),117,Greenwich Academy,,,,,,,,,,,,,,
735,Jacques Derrida,89,Post-Colonial Algeria (1962),117,Greenwich Academy,,,,,,,,,,,,,,
746,Jean Pélégri,89,Post-Colonial Algeria (1962),117,Greenwich Academy,,,,,,,,,,,,,,
467,Ward 4: Councilman Elias Hargrave,78,Providence City Council (1975),117,Greenwich Academy,,,,,,,,,,,,,,
677,Edward F. Underhill,87,Seneca Falls Convention (1848),117,Greenwich Academy,,,,,,,,,,,,,,
664,Elizabeth Cady Stanton,87,Seneca Falls Convention (1848),117,Greenwich Academy,,,,,,,,,,,,,,
404,Brazil,108,"United Nations Educational, Scientific, and Cultural Organization",117,Greenwich Academy,,,,,,,,,,,,,,
422,United States of America,108,"United Nations Educational, Scientific, and Cultural Organization",117,Greenwich Academy,,,,,,,,,,,,,,
77,Djibouti,98,United Nations Human Rights Council,117,Greenwich Academy,,,,,,,,,,,,,,
82,Ireland,98,United Nations Human Rights Council,117,Greenwich Academy,,,,,,,,,,,,,,
581,Singapore,95,Accelerando 2030,109,Guilderland High School,,,,,,,,,,,,,,
547,"Philip Hammond, Chancellor of the Exchequer",93,Brexit,109,Guilderland High School,,,,,,,,,,,,,,
636,Argentina,84,Congress of Panama (1826),109,Guilderland High School,,,,,,,,,,,,,,
511,Comte de Mirabeau,80,Estates General (1789),109,Guilderland High School,,,,,,,,,,,,,,
361,France,105,GA Plenary,109,Guilderland High School,,,,,,,,,,,,,,
370,Mexico,105,GA Plenary,109,Guilderland High School,,,,,,,,,,,,,,
494,María del Refugio García,82,Mexican Constitutional Congress (1917),109,Guilderland High School,,,,,,,,,,,,,,
802,Tunisia,112,Organization of African Unity (1963),109,Guilderland High School,,,,,,,,,,,,,,
808,Somalia,112,Organization of African Unity (1963),109,Guilderland High School,,,,,,,,,,,,,,
765,Federated States of Micronesia,92,Pacific Island Leaders Meeting (2018),109,Guilderland High School,,,,,,,,,,,,,,
745,Ahmed Tewfik El Madani,89,Post-Colonial Algeria (1962),109,Guilderland High School,,,,,,,,,,,,,,
733,Ali Ammar,89,Post-Colonial Algeria (1962),109,Guilderland High School,,,,,,,,,,,,,,
473,Ward 10: Councilman Paul Ricci,78,Providence City Council (1975),109,Guilderland High School,,,,,,,,,,,,,,
444,Madagascar,111,Special Political and Decolonization Committee,109,Guilderland High School,,,,,,,,,,,,,,
457,Pakistan,111,Special Political and Decolonization Committee,109,Guilderland High School,,,,,,,,,,,,,,
618,Bellamy Storer,77,The Gilded Age (1892),109,Guilderland High School,,,,,,,,,,,,,,
614,William Simon U’Ren,77,The Gilded Age (1892),109,Guilderland High School,,,,,,,,,,,,,,
328,Yemen,103,United Nations Economic and Social Council,109,Guilderland High School,,,,,,,,,,,,,,
326,USA,103,United Nations Economic and Social Council,109,Guilderland High School,,,,,,,,,,,,,,
213,Russian Federation,102,United Nations Environmental Programme,109,Guilderland High School,,,,,,,,,,,,,,
220,Czechia ,102,United Nations Environmental Programme,109,Guilderland High School,,,,,,,,,,,,,,
106,Trinidad and Tobago ,110,United Nations High Commissioner for Refugees,109,Guilderland High School,,,,,,,,,,,,,,
270,France,106,United Nations International Children’s Emergency Fund,109,Guilderland High School,,,,,,,,,,,,,,
274,Estonia,106,United Nations International Children’s Emergency Fund,109,Guilderland High School,,,,,,,,,,,,,,
575,Nigeria,95,Accelerando 2030,104,Herricks High School,,,,,,,,,,,,,,
597,Position 10,81,Ad-Hoc,104,Herricks High School,,,,,,,,,,,,,,
30,Togo ,109,African Union,104,Herricks High School,,,,,,,,,,,,,,
24,Rwanda,109,African Union,104,Herricks High School,,,,,,,,,,,,,,
551,"James Brokenshire, Secretary of State for Northern Ireland",93,Brexit,104,Herricks High School,,,,,,,,,,,,,,
530,Patrick Leahy - Vermont,79,Convention on the Elimination of all Forms of Discrimination Against Women (CEDAW),104,Herricks High School,,,,,,,,,,,,,,
497,Antoine Eleonor Leon Leclerc de Juign,80,Estates General (1789),104,Herricks High School,,,,,,,,,,,,,,
795,Wilhelm Wolff,113,Frankfurt Parliament (1848),104,Herricks High School,,,,,,,,,,,,,,
787,Heinrich von Gagern,113,Frankfurt Parliament (1848),104,Herricks High School,,,,,,,,,,,,,,
368,Japan,105,GA Plenary,104,Herricks High School,,,,,,,,,,,,,,
364,Brazil,105,GA Plenary,104,Herricks High School,,,,,,,,,,,,,,
484,"Mauro Loyo Sánchez, Governor of Veracruz",82,Mexican Constitutional Congress (1917),104,Herricks High School,,,,,,,,,,,,,,
806,Libya,112,Organization of African Unity (1963),104,Herricks High School,,,,,,,,,,,,,,
800,Senegal,112,Organization of African Unity (1963),104,Herricks High School,,,,,,,,,,,,,,
776,Tonga,92,Pacific Island Leaders Meeting (2018),104,Herricks High School,,,,,,,,,,,,,,
777,Tuvalu,92,Pacific Island Leaders Meeting (2018),104,Herricks High School,,,,,,,,,,,,,,
845,DAWN 1,83,Press Corps (2019),104,Herricks High School,,,,,,,,,,,,,,
852,China Daily 2,83,Press Corps (2019),104,Herricks High School,,,,,,,,,,,,,,
474,Ward 11: Councilwoman Agatha Sachs,78,Providence City Council (1975),104,Herricks High School,,,,,,,,,,,,,,
449,Germany ,111,Special Political and Decolonization Committee,104,Herricks High School,,,,,,,,,,,,,,
454,Libya,111,Special Political and Decolonization Committee,104,Herricks High School,,,,,,,,,,,,,,
621,Collis Potter Huntington,77,The Gilded Age (1892),104,Herricks High School,,,,,,,,,,,,,,
612,Oliver Kelley,77,The Gilded Age (1892),104,Herricks High School,,,,,,,,,,,,,,
265,Iran,107,UN Women,104,Herricks High School,,,,,,,,,,,,,,
262,Sweden,107,UN Women,104,Herricks High School,,,,,,,,,,,,,,
321,Serbia,103,United Nations Economic and Social Council,104,Herricks High School,,,,,,,,,,,,,,
318,Portugal,103,United Nations Economic and Social Council,104,Herricks High School,,,,,,,,,,,,,,
236,Morocco,102,United Nations Environmental Programme,104,Herricks High School,,,,,,,,,,,,,,
210,United Kingdom,102,United Nations Environmental Programme,104,Herricks High School,,,,,,,,,,,,,,
100,United Kingdom,110,United Nations High Commissioner for Refugees,104,Herricks High School,,,,,,,,,,,,,,
102,China,110,United Nations High Commissioner for Refugees,104,Herricks High School,,,,,,,,,,,,,,
70,United Kingdom,98,United Nations Human Rights Council,104,Herricks High School,,,,,,,,,,,,,,
73,France,98,United Nations Human Rights Council,104,Herricks High School,,,,,,,,,,,,,,
280,Morocco,106,United Nations International Children’s Emergency Fund,104,Herricks High School,,,,,,,,,,,,,,
286,Sudan,106,United Nations International Children’s Emergency Fund,104,Herricks High School,,,,,,,,,,,,,,
343,Malta,100,United Nations Office on Drugs and Crime,104,Herricks High School,,,,,,,,,,,,,,
353,Syria,100,United Nations Office on Drugs and Crime,104,Herricks High School,,,,,,,,,,,,,,
151,Vietnam,96,World Health Organization,104,Herricks High School,,,,,,,,,,,,,,
147,Chile,96,World Health Organization,104,Herricks High School,,,,,,,,,,,,,,
154,Somalia,96,World Health Organization,104,Herricks High School,,,,,,,,,,,,,,
574,Republic of South Africa,95,Accelerando 2030,94,Hopkins School ,,,,,,,,,,,,,,
522,Pierre Joseph Cambon,80,Estates General (1789),94,Hopkins School ,,,,,,,,,,,,,,
705,Russia,85,UN Climate Change Conference (2020),94,Hopkins School ,,,,,,,,,,,,,,
726,Democratic Republic of the Congo,85,UN Climate Change Conference (2020),94,Hopkins School ,,,,,,,,,,,,,,
114,Algeria,110,United Nations High Commissioner for Refugees,94,Hopkins School ,,,,,,,,,,,,,,
117,Egypt,110,United Nations High Commissioner for Refugees,94,Hopkins School ,,,,,,,,,,,,,,
356,Yemen,100,United Nations Office on Drugs and Crime,94,Hopkins School ,,,,,,,,,,,,,,
349,People's Republic of China,100,United Nations Office on Drugs and Crime,94,Hopkins School ,,,,,,,,,,,,,,
749,Germany,94,Tokyo Trials (1946-48),140,J.P. McCaskey High School,,,,,,,,,,,,,,
690,Ambassador Pugliesi,88,Congress of Lutsk (1429) ,115,King School,,,,,,,,,,,,,,
692,Delegate Adelbrand,88,Congress of Lutsk (1429) ,115,King School,,,,,,,,,,,,,,
638,United States,84,Congress of Panama (1826),115,King School,,,,,,,,,,,,,,
630,France,84,Congress of Panama (1826),115,King School,,,,,,,,,,,,,,
525,Robert Byrd - West Virginia,79,Convention on the Elimination of all Forms of Discrimination Against Women (CEDAW),115,King School,,,,,,,,,,,,,,
166,Denmark,99,European Union,115,King School,,,,,,,,,,,,,,
176,Lithuania,99,European Union,115,King School,,,,,,,,,,,,,,
791,Ludwig von der Pfordten,113,Frankfurt Parliament (1848),115,King School,,,,,,,,,,,,,,
793,Prince Felix of Schwarzenberg,113,Frankfurt Parliament (1848),115,King School,,,,,,,,,,,,,,
734,Zohra Drif,89,Post-Colonial Algeria (1962),115,King School,,,,,,,,,,,,,,
741,Hocine Ait Ahmed,89,Post-Colonial Algeria (1962),115,King School,,,,,,,,,,,,,,
478,Ward 15: Councilwoman Jennifer Tyler,78,Providence City Council (1975),115,King School,,,,,,,,,,,,,,
622,Andrew Carnegie,77,The Gilded Age (1892),115,King School,,,,,,,,,,,,,,
625,Leland Stanford,77,The Gilded Age (1892),115,King School,,,,,,,,,,,,,,
302,Finland,103,United Nations Economic and Social Council,115,King School,,,,,,,,,,,,,,
327,Uruguay,103,United Nations Economic and Social Council,115,King School,,,,,,,,,,,,,,
414,Japan,108,"United Nations Educational, Scientific, and Cultural Organization",115,King School,,,,,,,,,,,,,,
415,Kuwait,108,"United Nations Educational, Scientific, and Cultural Organization",115,King School,,,,,,,,,,,,,,
88,Poland,98,United Nations Human Rights Council,115,King School,,,,,,,,,,,,,,
90,Romania,98,United Nations Human Rights Council,115,King School,,,,,,,,,,,,,,
827,Belorussian Soviet Socialist Republic,115,27th Congress of the Communist Party of the Soviet Union (1986),154,Lincoln School,,,,,,,,,,,,,,
834,Moldavian Soviet Socialist Republic,115,27th Congress of the Communist Party of the Soviet Union (1986),154,Lincoln School,,,,,,,,,,,,,,
12,Ethiopia,109,African Union,154,Lincoln School,,,,,,,,,,,,,,
1,Algeria ,109,African Union,154,Lincoln School,,,,,,,,,,,,,,
193,Egypt,104,Arab League,154,Lincoln School,,,,,,,,,,,,,,
204,Somalia,104,Arab League,154,Lincoln School,,,,,,,,,,,,,,
51,Kuwait,97,Disarmament and International Security Committee,154,Lincoln School,,,,,,,,,,,,,,
48,Germany ,97,Disarmament and International Security Committee,154,Lincoln School,,,,,,,,,,,,,,
175,Latvia,99,European Union,154,Lincoln School,,,,,,,,,,,,,,
184,Slovenia,99,European Union,154,Lincoln School,,,,,,,,,,,,,,
369,Canada,105,GA Plenary,154,Lincoln School,,,,,,,,,,,,,,
384,Ghana,105,GA Plenary,154,Lincoln School,,,,,,,,,,,,,,
28,Sudan,109,African Union,125,Longmeeadow High School,,,,,,,,,,,,,,
14,Ghana,109,African Union,125,Longmeeadow High School,,,,,,,,,,,,,,
44,Russian Federation,97,Disarmament and International Security Committee,125,Longmeeadow High School,,,,,,,,,,,,,,
53,Poland,97,Disarmament and International Security Committee,125,Longmeeadow High School,,,,,,,,,,,,,,
179,Netherlands,99,European Union,125,Longmeeadow High School,,,,,,,,,,,,,,
161,Belgium,99,European Union,125,Longmeeadow High School,,,,,,,,,,,,,,
374,Malawi,105,GA Plenary,125,Longmeeadow High School,,,,,,,,,,,,,,
406,Cuba,108,"United Nations Educational, Scientific, and Cultural Organization",125,Longmeeadow High School,,,,,,,,,,,,,,
224,France,102,United Nations Environmental Programme,125,Longmeeadow High School,,,,,,,,,,,,,,
596,Position 9,81,Ad-Hoc,123,Meridian Academy,,,,,,,,,,,,,,
16,Liberia,109,African Union,123,Meridian Academy,,,,,,,,,,,,,,
8,The Democratic Republic of the Congo ,109,African Union,123,Meridian Academy,,,,,,,,,,,,,,
817,Jamie S. Gorelick,91,Amazon Board of Directors (2019),123,Meridian Academy,,,,,,,,,,,,,,
824,Wendell P. Weeks,91,Amazon Board of Directors (2019),123,Meridian Academy,,,,,,,,,,,,,,
553,"Nigel Dodds, Leader of the Northern Irish Democratic Unionist Party in the House of Commons",93,Brexit,123,Meridian Academy,,,,,,,,,,,,,,
700,Ambassador Vahit,88,Congress of Lutsk (1429) ,123,Meridian Academy,,,,,,,,,,,,,,
685,King Jagiella of Polan,88,Congress of Lutsk (1429) ,123,Meridian Academy,,,,,,,,,,,,,,
635,Brazil,84,Congress of Panama (1826),123,Meridian Academy,,,,,,,,,,,,,,
69,Saudi Arabia,97,Disarmament and International Security Committee,123,Meridian Academy,,,,,,,,,,,,,,
520,Olympe de Gouges,80,Estates General (1789),123,Meridian Academy,,,,,,,,,,,,,,
676,James Mott,87,Seneca Falls Convention (1848),123,Meridian Academy,,,,,,,,,,,,,,
668,Jane Hun,87,Seneca Falls Convention (1848),123,Meridian Academy,,,,,,,,,,,,,,
416,Kyrgyzstan,108,"United Nations Educational, Scientific, and Cultural Organization",123,Meridian Academy,,,,,,,,,,,,,,
417,Norway,108,"United Nations Educational, Scientific, and Cultural Organization",123,Meridian Academy,,,,,,,,,,,,,,
170,Germany,99,European Union,110,Michael E. DeBakey High School for Health Professions,,,,,,,,,,,,,,
397,Saudi Arabia,105,GA Plenary,110,Michael E. DeBakey High School for Health Professions,,,,,,,,,,,,,,
380,Australia,105,GA Plenary,110,Michael E. DeBakey High School for Health Professions,,,,,,,,,,,,,,
732,Ferhat Abbas,89,Post-Colonial Algeria (1962),110,Michael E. DeBakey High School for Health Professions,,,,,,,,,,,,,,
428,Russian Federation,101,Security Council,110,Michael E. DeBakey High School for Health Professions,,,,,,,,,,,,,,
430,Dominican Republic,101,Security Council,110,Michael E. DeBakey High School for Health Professions,,,,,,,,,,,,,,
455,South Africa,111,Special Political and Decolonization Committee,110,Michael E. DeBakey High School for Health Professions,,,,,,,,,,,,,,
619,George F. Edmunds,77,The Gilded Age (1892),110,Michael E. DeBakey High School for Health Professions,,,,,,,,,,,,,,
608,George Hoar,77,The Gilded Age (1892),110,Michael E. DeBakey High School for Health Professions,,,,,,,,,,,,,,
304,Germany,103,United Nations Economic and Social Council,110,Michael E. DeBakey High School for Health Professions,,,,,,,,,,,,,,
309,Luxembourg,103,United Nations Economic and Social Council,110,Michael E. DeBakey High School for Health Professions,,,,,,,,,,,,,,
217,India,102,United Nations Environmental Programme,110,Michael E. DeBakey High School for Health Professions,,,,,,,,,,,,,,
223,Finland,102,United Nations Environmental Programme,110,Michael E. DeBakey High School for Health Professions,,,,,,,,,,,,,,
290,Lithuania,106,United Nations International Children’s Emergency Fund,110,Michael E. DeBakey High School for Health Professions,,,,,,,,,,,,,,
273,Denmark,106,United Nations International Children’s Emergency Fund,110,Michael E. DeBakey High School for Health Professions,,,,,,,,,,,,,,
548,"David Davis, Secretary of State for Exiting the European Union",93,Brexit,106,Millbrook School,,,,,,,,,,,,,,
503,César-Cassini de Rivéry,80,Estates General (1789),106,Millbrook School,,,,,,,,,,,,,,
490,Hermila Galindo Acosta,82,Mexican Constitutional Congress (1917),106,Millbrook School,,,,,,,,,,,,,,
799,Egypt,112,Organization of African Unity (1963),106,Millbrook School,,,,,,,,,,,,,,
798,Nigeria,112,Organization of African Unity (1963),106,Millbrook School,,,,,,,,,,,,,,
851,The Guardian 2,83,Press Corps (2019),106,Millbrook School,,,,,,,,,,,,,,
844,China Daily 1,83,Press Corps (2019),106,Millbrook School,,,,,,,,,,,,,,
469,Ward 6: Councilwoman Margaret Kelly,78,Providence City Council (1975),106,Millbrook School,,,,,,,,,,,,,,
620,John D. Rockefeller,77,The Gilded Age (1892),106,Millbrook School,,,,,,,,,,,,,,
623,Horace White,77,The Gilded Age (1892),106,Millbrook School,,,,,,,,,,,,,,
214,Bahrain,102,United Nations Environmental Programme,106,Millbrook School,,,,,,,,,,,,,,
232,Luxembourg,102,United Nations Environmental Programme,106,Millbrook School,,,,,,,,,,,,,,
271,Russian Federation,106,United Nations International Children’s Emergency Fund,106,Millbrook School,,,,,,,,,,,,,,
283,Qatar,106,United Nations International Children’s Emergency Fund,106,Millbrook School,,,,,,,,,,,,,,
536,Charles Mathias Jr. - Maryland,79,Convention on the Elimination of all Forms of Discrimination Against Women (CEDAW),121,Montclair Kimberley Academy,,,,,,,,,,,,,,
45,Belgium ,97,Disarmament and International Security Committee,121,Montclair Kimberley Academy,,,,,,,,,,,,,,
52,Peru,97,Disarmament and International Security Committee,121,Montclair Kimberley Academy,,,,,,,,,,,,,,
501,Charlotte Petit Durand,80,Estates General (1789),121,Montclair Kimberley Academy,,,,,,,,,,,,,,
181,Portugal,99,European Union,121,Montclair Kimberley Academy,,,,,,,,,,,,,,
173,Ireland,99,European Union,121,Montclair Kimberley Academy,,,,,,,,,,,,,,
358,United States,105,GA Plenary,121,Montclair Kimberley Academy,,,,,,,,,,,,,,
393,Algeria,105,GA Plenary,121,Montclair Kimberley Academy,,,,,,,,,,,,,,
742,Danièle Djamila Amrane-Minne,89,Post-Colonial Algeria (1962),121,Montclair Kimberley Academy,,,,,,,,,,,,,,
739,Emmanuel Roblès,89,Post-Colonial Algeria (1962),121,Montclair Kimberley Academy,,,,,,,,,,,,,,
667,Henry Brewster Stanton,87,Seneca Falls Convention (1848),121,Montclair Kimberley Academy,,,,,,,,,,,,,,
663,Frederick Douglass,87,Seneca Falls Convention (1848),121,Montclair Kimberley Academy,,,,,,,,,,,,,,
421,Uganda,108,"United Nations Educational, Scientific, and Cultural Organization",121,Montclair Kimberley Academy,,,,,,,,,,,,,,
413,Iraq,108,"United Nations Educational, Scientific, and Cultural Organization",121,Montclair Kimberley Academy,,,,,,,,,,,,,,
76,Botswana,98,United Nations Human Rights Council,121,Montclair Kimberley Academy,,,,,,,,,,,,,,
93,Sweden,98,United Nations Human Rights Council,121,Montclair Kimberley Academy,,,,,,,,,,,,,,
580,Luxembourg,95,Accelerando 2030,83,New Canaan High School,,,,,,,,,,,,,,
594,Position 7,81,Ad-Hoc,83,New Canaan High School,,,,,,,,,,,,,,
33,Zambia ,109,African Union,83,New Canaan High School,,,,,,,,,,,,,,
35,Burkina Faso ,109,African Union,83,New Canaan High School,,,,,,,,,,,,,,
201,Palestine,104,Arab League,83,New Canaan High School,,,,,,,,,,,,,,
533,Shirley Chisholm - New York,79,Convention on the Elimination of all Forms of Discrimination Against Women (CEDAW),83,New Canaan High School,,,,,,,,,,,,,,
516,Joseph Martin-Dauch,80,Estates General (1789),83,New Canaan High School,,,,,,,,,,,,,,
719,Marshall Islands,85,UN Climate Change Conference (2020),83,New Canaan High School,,,,,,,,,,,,,,
713,South Korea,85,UN Climate Change Conference (2020),83,New Canaan High School,,,,,,,,,,,,,,
256,Colombia,107,UN Women,83,New Canaan High School,,,,,,,,,,,,,,
250,Nepal,107,UN Women,83,New Canaan High School,,,,,,,,,,,,,,
212,China,102,United Nations Environmental Programme,83,New Canaan High School,,,,,,,,,,,,,,
235,Vietnam,102,United Nations Environmental Programme,83,New Canaan High School,,,,,,,,,,,,,,
115,Botswana,110,United Nations High Commissioner for Refugees,83,New Canaan High School,,,,,,,,,,,,,,
128,Portugal,110,United Nations High Commissioner for Refugees,83,New Canaan High School,,,,,,,,,,,,,,
96,Hungary ,98,United Nations Human Rights Council,83,New Canaan High School,,,,,,,,,,,,,,
83,Italy,98,United Nations Human Rights Council,83,New Canaan High School,,,,,,,,,,,,,,
276,Germany,106,United Nations International Children’s Emergency Fund,83,New Canaan High School,,,,,,,,,,,,,,
284,Saudi Arabia,106,United Nations International Children’s Emergency Fund,83,New Canaan High School,,,,,,,,,,,,,,
336,Jordan,100,United Nations Office on Drugs and Crime,83,New Canaan High School,,,,,,,,,,,,,,
341,Latvia,100,United Nations Office on Drugs and Crime,83,New Canaan High School,,,,,,,,,,,,,,
155,Nigeria ,96,World Health Organization,83,New Canaan High School,,,,,,,,,,,,,,
142,Libya,96,World Health Organization,83,New Canaan High School,,,,,,,,,,,,,,
133,France,96,World Health Organization,83,New Canaan High School,,,,,,,,,,,,,,
572,Republic of Korea,95,Accelerando 2030,156,Northern Highlands,,,,,,,,,,,,,,
592,Position 5,81,Ad-Hoc,156,Northern Highlands,,,,,,,,,,,,,,
17,Libya,109,African Union,156,Northern Highlands,,,,,,,,,,,,,,
15,Kenya,109,African Union,156,Northern Highlands,,,,,,,,,,,,,,
200,Oman,104,Arab League,156,Northern Highlands,,,,,,,,,,,,,,
191,Comoros,104,Arab League,156,Northern Highlands,,,,,,,,,,,,,,
59,Ethiopia ,97,Disarmament and International Security Committee,156,Northern Highlands,,,,,,,,,,,,,,
42,China,97,Disarmament and International Security Committee,156,Northern Highlands,,,,,,,,,,,,,,
187,Turkey,99,European Union,156,Northern Highlands,,,,,,,,,,,,,,
180,Poland,99,European Union,156,Northern Highlands,,,,,,,,,,,,,,
375,Zimbabwe,105,GA Plenary,156,Northern Highlands,,,,,,,,,,,,,,
366,India,105,GA Plenary,156,Northern Highlands,,,,,,,,,,,,,,
436,Peru,101,Security Council,156,Northern Highlands,,,,,,,,,,,,,,
434,Ivory Coast,101,Security Council,156,Northern Highlands,,,,,,,,,,,,,,
463,Philippines,111,Special Political and Decolonization Committee,156,Northern Highlands,,,,,,,,,,,,,,
461,Turkey,111,Special Political and Decolonization Committee,156,Northern Highlands,,,,,,,,,,,,,,
303,France,103,United Nations Economic and Social Council,156,Northern Highlands,,,,,,,,,,,,,,
560,Yvette Cooper - Chair of the Home Affairs Select Committee,93,Brexit,108,NYC iSchool,,,,,,,,,,,,,,
500,Charles Maurice de Talleyrand-Perigord,80,Estates General (1789),108,NYC iSchool,,,,,,,,,,,,,,
855,Yomiuri Shimbun 2,83,Press Corps (2019),108,NYC iSchool,,,,,,,,,,,,,,
850,Al Jazeera 2,83,Press Corps (2019),108,NYC iSchool,,,,,,,,,,,,,,
471,Ward 8: Councilman Robert Walsh,78,Providence City Council (1975),108,NYC iSchool,,,,,,,,,,,,,,
615,Joseph McKenna,77,The Gilded Age (1892),108,NYC iSchool,,,,,,,,,,,,,,
606,Lincoln Steffens,77,The Gilded Age (1892),108,NYC iSchool,,,,,,,,,,,,,,
297,Brazil,103,United Nations Economic and Social Council,108,NYC iSchool,,,,,,,,,,,,,,
325,United Arab Emirates,103,United Nations Economic and Social Council,108,NYC iSchool,,,,,,,,,,,,,,
225,Germany,102,United Nations Environmental Programme,108,NYC iSchool,,,,,,,,,,,,,,
269,China,106,United Nations International Children’s Emergency Fund,108,NYC iSchool,,,,,,,,,,,,,,
278,Hungary ,106,United Nations International Children’s Emergency Fund,108,NYC iSchool,,,,,,,,,,,,,,
151,Vietnam,96,World Health Organization,108,NYC iSchool,,,,,,,,,,,,,,
526,Joseph Biden - Delaware,79,Convention on the Elimination of all Forms of Discrimination Against Women (CEDAW),116,NYC Lab School for Collaborative Studies,,,,,,,,,,,,,,
730,Albert Camus,89,Post-Colonial Algeria (1962),116,NYC Lab School for Collaborative Studies,,,,,,,,,,,,,,
477,Ward 14: Councilman Theodore Brown,78,Providence City Council (1975),116,NYC Lab School for Collaborative Studies,,,,,,,,,,,,,,
671,Hannah Plant,87,Seneca Falls Convention (1848),116,NYC Lab School for Collaborative Studies,,,,,,,,,,,,,,
670,Amy Post,87,Seneca Falls Convention (1848),116,NYC Lab School for Collaborative Studies,,,,,,,,,,,,,,
411,Hungary,108,"United Nations Educational, Scientific, and Cultural Organization",116,NYC Lab School for Collaborative Studies,,,,,,,,,,,,,,
410,Germany,108,"United Nations Educational, Scientific, and Cultural Organization",116,NYC Lab School for Collaborative Studies,,,,,,,,,,,,,,
80,Lebanon,98,United Nations Human Rights Council,116,NYC Lab School for Collaborative Studies,,,,,,,,,,,,,,
91,Slovakia,98,United Nations Human Rights Council,116,NYC Lab School for Collaborative Studies,,,,,,,,,,,,,,
566,Russian Federation,95,Accelerando 2030,130,Oceanside High School,,,,,,,,,,,,,,
604,Position 17,81,Ad-Hoc,130,Oceanside High School,,,,,,,,,,,,,,
32,Uganda,109,African Union,130,Oceanside High School,,,,,,,,,,,,,,
31,Tunisia ,109,African Union,130,Oceanside High School,,,,,,,,,,,,,,
196,Lebanon,104,Arab League,130,Oceanside High School,,,,,,,,,,,,,,
205,Sudan,104,Arab League,130,Oceanside High School,,,,,,,,,,,,,,
47,Equatorial Guinea,97,Disarmament and International Security Committee,130,Oceanside High School,,,,,,,,,,,,,,
68,Egypt,97,Disarmament and International Security Committee,130,Oceanside High School,,,,,,,,,,,,,,
183,Slovakia,99,European Union,130,Oceanside High School,,,,,,,,,,,,,,
169,France,99,European Union,130,Oceanside High School,,,,,,,,,,,,,,
398,Ireland,105,GA Plenary,130,Oceanside High School,,,,,,,,,,,,,,
389,Denmark,105,GA Plenary,130,Oceanside High School,,,,,,,,,,,,,,
425,USA,101,Security Council,130,Oceanside High School,,,,,,,,,,,,,,
426,China,101,Security Council,130,Oceanside High School,,,,,,,,,,,,,,
681,Elizabeth M’Clintock,87,Seneca Falls Convention (1848),130,Oceanside High School,,,,,,,,,,,,,,
673,Richard P. Hunt,87,Seneca Falls Convention (1848),130,Oceanside High School,,,,,,,,,,,,,,
441,Ethiopia,111,Special Political and Decolonization Committee,130,Oceanside High School,,,,,,,,,,,,,,
439,Australia,111,Special Political and Decolonization Committee,130,Oceanside High School,,,,,,,,,,,,,,
305,India,103,United Nations Economic and Social Council,130,Oceanside High School,,,,,,,,,,,,,,
306,Indonesia,103,United Nations Economic and Social Council,130,Oceanside High School,,,,,,,,,,,,,,
420,Spain,108,"United Nations Educational, Scientific, and Cultural Organization",130,Oceanside High School,,,,,,,,,,,,,,
400,Australia,108,"United Nations Educational, Scientific, and Cultural Organization",130,Oceanside High School,,,,,,,,,,,,,,
234,Brazil,102,United Nations Environmental Programme,130,Oceanside High School,,,,,,,,,,,,,,
237,Iran,102,United Nations Environmental Programme,130,Oceanside High School,,,,,,,,,,,,,,
110,Brazil,110,United Nations High Commissioner for Refugees,130,Oceanside High School,,,,,,,,,,,,,,
119,Lebanon,110,United Nations High Commissioner for Refugees,130,Oceanside High School,,,,,,,,,,,,,,
86,Malta,98,United Nations Human Rights Council,130,Oceanside High School,,,,,,,,,,,,,,
94,Germany,98,United Nations Human Rights Council,130,Oceanside High School,,,,,,,,,,,,,,
268,USA,106,United Nations International Children’s Emergency Fund,130,Oceanside High School,,,,,,,,,,,,,,
285,Somalia,106,United Nations International Children’s Emergency Fund,130,Oceanside High School,,,,,,,,,,,,,,
257,Cuba,107,UN Women,157,PASA,,,,,,,,,,,,,,
188,United Kingdom,99,European Union,157,PASA,,,,,,,,,,,,,,
432,Germany,101,Security Council,157,PASA,,,,,,,,,,,,,,
848,Le Monde 1,83,Press Corps (2019),157,PASA,,,,,,,,,,,,,,
792,Otto von Bismarck,113,Frankfurt Parliament (1848),157,PASA,,,,,,,,,,,,,,
527,John Culver - Indiana,79,Convention on the Elimination of all Forms of Discrimination Against Women (CEDAW),157,PASA,,,,,,,,,,,,,,
586,Argentina,95,Accelerando 2030,155,Portsmouth Abbey,,,,,,,,,,,,,,
600,Position 13,81,Ad-Hoc,155,Portsmouth Abbey,,,,,,,,,,,,,,
7,Chad,109,African Union,155,Portsmouth Abbey,,,,,,,,,,,,,,
711,Germany,85,UN Climate Change Conference (2020),155,Portsmouth Abbey,,,,,,,,,,,,,,
554,"Jeffery Donaldson, Democratic Unionist Party Chief Whip",93,Brexit,118,Sharon High School,,,,,,,,,,,,,,
543,Cleta Mitchell - Oklahoma,79,Convention on the Elimination of all Forms of Discrimination Against Women (CEDAW),118,Sharon High School,,,,,,,,,,,,,,
521,Pierre Gaspard Chaumette,80,Estates General (1789),118,Sharon High School,,,,,,,,,,,,,,
479,Venustiano Carranza,82,Mexican Constitutional Congress (1917),118,Sharon High School,,,,,,,,,,,,,,
748,Colonel Amirouche,89,Post-Colonial Algeria (1962),118,Sharon High School,,,,,,,,,,,,,,
470,Ward 7: Councilman David Russo,78,Providence City Council (1975),118,Sharon High School,,,,,,,,,,,,,,
680,Lydia Mount,87,Seneca Falls Convention (1848),118,Sharon High School,,,,,,,,,,,,,,
679,Jacob P. Chamberlain,87,Seneca Falls Convention (1848),118,Sharon High School,,,,,,,,,,,,,,
402,Bahrain,108,"United Nations Educational, Scientific, and Cultural Organization",118,Sharon High School,,,,,,,,,,,,,,
423,Yemen,108,"United Nations Educational, Scientific, and Cultural Organization",118,Sharon High School,,,,,,,,,,,,,,
98,Nepal,98,United Nations Human Rights Council,118,Sharon High School,,,,,,,,,,,,,,
95,Turkey,98,United Nations Human Rights Council,118,Sharon High School,,,,,,,,,,,,,,
568,United Kingdom,95,Accelerando 2030,97,St. John's High School (Shrewsbury),,,,,,,,,,,,,,
588,Position 1,81,Ad-Hoc,97,St. John's High School (Shrewsbury),,,,,,,,,,,,,,
546,"Boris Johnson, Secretary of State for Foreign and Commonwealth Affairs",93,Brexit,97,St. John's High School (Shrewsbury),,,,,,,,,,,,,,
534,Geraldine Ferraro - New York,79,Convention on the Elimination of all Forms of Discrimination Against Women (CEDAW),97,St. John's High School (Shrewsbury),,,,,,,,,,,,,,
513,Jacques Gagneux,80,Estates General (1789),97,St. John's High School (Shrewsbury),,,,,,,,,,,,,,
789,Joseph Maria von Radowitz,113,Frankfurt Parliament (1848),97,St. John's High School (Shrewsbury),,,,,,,,,,,,,,
387,Djibouti,105,GA Plenary,97,St. John's High School (Shrewsbury),,,,,,,,,,,,,,
396,Iraq,105,GA Plenary,97,St. John's High School (Shrewsbury),,,,,,,,,,,,,,
488,Plutarco Elías Calles,82,Mexican Constitutional Congress (1917),97,St. John's High School (Shrewsbury),,,,,,,,,,,,,,
809,Togo,112,Organization of African Unity (1963),97,St. John's High School (Shrewsbury),,,,,,,,,,,,,,
804,Ivory Coast,112,Organization of African Unity (1963),97,St. John's High School (Shrewsbury),,,,,,,,,,,,,,
772,Palau,92,Pacific Island Leaders Meeting (2018),97,St. John's High School (Shrewsbury),,,,,,,,,,,,,,
769,Nauru,92,Pacific Island Leaders Meeting (2018),97,St. John's High School (Shrewsbury),,,,,,,,,,,,,,
465,Ward 2: Councilwoman Mary Lively,78,Providence City Council (1975),97,St. John's High School (Shrewsbury),,,,,,,,,,,,,,
652,Bryan Bishop,86,Second International Summit on Human Genome Editing (2018),97,St. John's High School (Shrewsbury),,,,,,,,,,,,,,
646,He Jiankui,86,Second International Summit on Human Genome Editing (2018),97,St. John's High School (Shrewsbury),,,,,,,,,,,,,,
717,Bangladesh,85,UN Climate Change Conference (2020),97,St. John's High School (Shrewsbury),,,,,,,,,,,,,,
720,Costa Rica,85,UN Climate Change Conference (2020),97,St. John's High School (Shrewsbury),,,,,,,,,,,,,,
308,Kazakhstan,103,United Nations Economic and Social Council,97,St. John's High School (Shrewsbury),,,,,,,,,,,,,,
316,Panama,103,United Nations Economic and Social Council,97,St. John's High School (Shrewsbury),,,,,,,,,,,,,,
107,Australia,110,United Nations High Commissioner for Refugees,97,St. John's High School (Shrewsbury),,,,,,,,,,,,,,
122,Italy,110,United Nations High Commissioner for Refugees,97,St. John's High School (Shrewsbury),,,,,,,,,,,,,,
344,Madagascar,100,United Nations Office on Drugs and Crime,97,St. John's High School (Shrewsbury),,,,,,,,,,,,,,
354,Tunisia,100,United Nations Office on Drugs and Crime,97,St. John's High School (Shrewsbury),,,,,,,,,,,,,,
134,Russian Federation,96,World Health Organization,97,St. John's High School (Shrewsbury),,,,,,,,,,,,,,
569,Canada,95,Accelerando 2030,128,St. John's Prep Model UN Club,,,,,,,,,,,,,,
13,Gambia ,109,African Union,128,St. John's Prep Model UN Club,,,,,,,,,,,,,,
19,Mauritania ,109,African Union,128,St. John's Prep Model UN Club,,,,,,,,,,,,,,
57,Iceland ,97,Disarmament and International Security Committee,128,St. John's Prep Model UN Club,,,,,,,,,,,,,,
67,Turkey ,97,Disarmament and International Security Committee,128,St. John's Prep Model UN Club,,,,,,,,,,,,,,
167,Estonia,99,European Union,128,St. John's Prep Model UN Club,,,,,,,,,,,,,,
174,Italy,99,European Union,128,St. John's Prep Model UN Club,,,,,,,,,,,,,,
372,Vietnam,105,GA Plenary,128,St. John's Prep Model UN Club,,,,,,,,,,,,,,
379,New Zealand,105,GA Plenary,128,St. John's Prep Model UN Club,,,,,,,,,,,,,,
424,United Kingdom,101,Security Council,128,St. John's Prep Model UN Club,,,,,,,,,,,,,,
431,Equatorial Guinea,101,Security Council,128,St. John's Prep Model UN Club,,,,,,,,,,,,,,
665,Lucretia Mott,87,Seneca Falls Convention (1848),128,St. John's Prep Model UN Club,,,,,,,,,,,,,,
675,Rachel Dell Bonnel,87,Seneca Falls Convention (1848),128,St. John's Prep Model UN Club,,,,,,,,,,,,,,
456,Nigeria,111,Special Political and Decolonization Committee,128,St. John's Prep Model UN Club,,,,,,,,,,,,,,
458,Argentina,111,Special Political and Decolonization Committee,128,St. John's Prep Model UN Club,,,,,,,,,,,,,,
301,Macedonia,103,United Nations Economic and Social Council,128,St. John's Prep Model UN Club,,,,,,,,,,,,,,
116,Djibouti,110,United Nations High Commissioner for Refugees,128,St. John's Prep Model UN Club,,,,,,,,,,,,,,
108,Saudi Arabia,110,United Nations High Commissioner for Refugees,128,St. John's Prep Model UN Club,,,,,,,,,,,,,,
582,UAE,95,Accelerando 2030,92,Stevenson High School,,,,,,,,,,,,,,
599,Position 12,81,Ad-Hoc,92,Stevenson High School,,,,,,,,,,,,,,
531,Barbara Mikulski - Maryland,79,Convention on the Elimination of all Forms of Discrimination Against Women (CEDAW),92,Stevenson High School,,,,,,,,,,,,,,
506,Julien Raimond,80,Estates General (1789),92,Stevenson High School,,,,,,,,,,,,,,
489,Pablo Gonzalez Garza,82,Mexican Constitutional Congress (1917),92,Stevenson High School,,,,,,,,,,,,,,
779,New Caledonia,92,Pacific Island Leaders Meeting (2018),92,Stevenson High School,,,,,,,,,,,,,,
653,Denis Rebrikov,86,Second International Summit on Human Genome Editing (2018),92,Stevenson High School,,,,,,,,,,,,,,
640,Jennifer Doudna,86,Second International Summit on Human Genome Editing (2018),92,Stevenson High School,,,,,,,,,,,,,,
706,Iran,85,UN Climate Change Conference (2020),92,Stevenson High School,,,,,,,,,,,,,,
703,Canada,85,UN Climate Change Conference (2020),92,Stevenson High School,,,,,,,,,,,,,,
243,Nigeria,107,UN Women,92,Stevenson High School,,,,,,,,,,,,,,
249,Mongolia,107,UN Women,92,Stevenson High School,,,,,,,,,,,,,,
118,Jordan,110,United Nations High Commissioner for Refugees,92,Stevenson High School,,,,,,,,,,,,,,
126,Netherlands,110,United Nations High Commissioner for Refugees,92,Stevenson High School,,,,,,,,,,,,,,
350,Panama,100,United Nations Office on Drugs and Crime,92,Stevenson High School,,,,,,,,,,,,,,
339,Ireland,100,United Nations Office on Drugs and Crime,92,Stevenson High School,,,,,,,,,,,,,,
837,Ukranian Soviet Socialist Republic,115,27th Congress of the Communist Party of the Soviet Union (1986),85,stuyvesant,,,,,,,,,,,,,,
839,Russian Soviet Federative Socialist Republic,115,27th Congress of the Communist Party of the Soviet Union (1986),85,stuyvesant,,,,,,,,,,,,,,
565,United States,95,Accelerando 2030,85,stuyvesant,,,,,,,,,,,,,,
591,Position 4,81,Ad-Hoc,85,stuyvesant,,,,,,,,,,,,,,
9,Cote d'Ivoire,109,African Union,85,stuyvesant,,,,,,,,,,,,,,
21,Mozambique,109,African Union,85,stuyvesant,,,,,,,,,,,,,,
197,Libya,104,Arab League,85,stuyvesant,,,,,,,,,,,,,,
198,Mauritania,104,Arab League,85,stuyvesant,,,,,,,,,,,,,,
558,"John McDonnell, Shadow Chancellor of the Exchequer",93,Brexit,85,stuyvesant,,,,,,,,,,,,,,
539,Robert Dole - Kansas,79,Convention on the Elimination of all Forms of Discrimination Against Women (CEDAW),85,stuyvesant,,,,,,,,,,,,,,
510,Augustine Robespierre,80,Estates General (1789),85,stuyvesant,,,,,,,,,,,,,,
487,William Randolph Hearst,82,Mexican Constitutional Congress (1917),85,stuyvesant,,,,,,,,,,,,,,
464,Ward 1: Councilman Charles Murphy,78,Providence City Council (1975),85,stuyvesant,,,,,,,,,,,,,,
650,Duanqing Pei,86,Second International Summit on Human Genome Editing (2018),85,stuyvesant,,,,,,,,,,,,,,
645,David Liu,86,Second International Summit on Human Genome Editing (2018),85,stuyvesant,,,,,,,,,,,,,,
710,France,85,UN Climate Change Conference (2020),85,stuyvesant,,,,,,,,,,,,,,
727,Indonesia,85,UN Climate Change Conference (2020),85,stuyvesant,,,,,,,,,,,,,,
254,Brazil,107,UN Women,85,stuyvesant,,,,,,,,,,,,,,
264,Ukraine,107,UN Women,85,stuyvesant,,,,,,,,,,,,,,
109,Vietnam,110,United Nations High Commissioner for Refugees,85,stuyvesant,,,,,,,,,,,,,,
113,Bahrain,110,United Nations High Commissioner for Refugees,85,stuyvesant,,,,,,,,,,,,,,
92,Spain,98,United Nations Human Rights Council,85,stuyvesant,,,,,,,,,,,,,,
85,Lithuania,98,United Nations Human Rights Council,85,stuyvesant,,,,,,,,,,,,,,
293,Kenya,106,United Nations International Children’s Emergency Fund,85,stuyvesant,,,,,,,,,,,,,,
288,Romania,106,United Nations International Children’s Emergency Fund,85,stuyvesant,,,,,,,,,,,,,,
351,Philipines,100,United Nations Office on Drugs and Crime,85,stuyvesant,,,,,,,,,,,,,,
335,Egypt,100,United Nations Office on Drugs and Crime,85,stuyvesant,,,,,,,,,,,,,,
131,USA,96,World Health Organization,85,stuyvesant,,,,,,,,,,,,,,
130,United Kingdom,96,World Health Organization,85,stuyvesant,,,,,,,,,,,,,,
132,China,96,World Health Organization,85,stuyvesant,,,,,,,,,,,,,,
238,Angola,107,UN Women,91,Tahanto Regional High School,,,,,,,,,,,,,,
248,India,107,UN Women,91,Tahanto Regional High School,,,,,,,,,,,,,,
105,Chile,110,United Nations High Commissioner for Refugees,91,Tahanto Regional High School,,,,,,,,,,,,,,
111,Qatar,110,United Nations High Commissioner for Refugees,91,Tahanto Regional High School,,,,,,,,,,,,,,
138,Cuba,96,World Health Organization,91,Tahanto Regional High School,,,,,,,,,,,,,,
148,Trinidad and Tobago ,96,World Health Organization,91,Tahanto Regional High School,,,,,,,,,,,,,,
828,Estonian Soviet Socialist Republic,115,27th Congress of the Communist Party of the Soviet Union (1986),86,The Abraham Joshua Heschel School,,,,,,,,,,,,,,
830,Kazakh Soviet Socialist Republic,115,27th Congress of the Communist Party of the Soviet Union (1986),86,The Abraham Joshua Heschel School,,,,,,,,,,,,,,
4,Burundi ,109,African Union,86,The Abraham Joshua Heschel School,,,,,,,,,,,,,,
22,Niger,109,African Union,86,The Abraham Joshua Heschel School,,,,,,,,,,,,,,
208,The United Arab Emirates,104,Arab League,86,The Abraham Joshua Heschel School,,,,,,,,,,,,,,
202,Qatar,104,Arab League,86,The Abraham Joshua Heschel School,,,,,,,,,,,,,,
498,Charles Alexandre de Calonne,80,Estates General (1789),86,The Abraham Joshua Heschel School,,,,,,,,,,,,,,
641,Emmanuelle Charpentier,86,Second International Summit on Human Genome Editing (2018),86,The Abraham Joshua Heschel School,,,,,,,,,,,,,,
659,Paula Amato,86,Second International Summit on Human Genome Editing (2018),86,The Abraham Joshua Heschel School,,,,,,,,,,,,,,
450,USA,111,Special Political and Decolonization Committee,86,The Abraham Joshua Heschel School,,,,,,,,,,,,,,
451,France,111,Special Political and Decolonization Committee,86,The Abraham Joshua Heschel School,,,,,,,,,,,,,,
240,Cameroon,107,UN Women,86,The Abraham Joshua Heschel School,,,,,,,,,,,,,,
259,Trinidad and Tobago,107,UN Women,86,The Abraham Joshua Heschel School,,,,,,,,,,,,,,
228,Ireland,102,United Nations Environmental Programme,86,The Abraham Joshua Heschel School,,,,,,,,,,,,,,
215,Algeria,102,United Nations Environmental Programme,86,The Abraham Joshua Heschel School,,,,,,,,,,,,,,
124,Lithuania,110,United Nations High Commissioner for Refugees,86,The Abraham Joshua Heschel School,,,,,,,,,,,,,,
103,France,110,United Nations High Commissioner for Refugees,86,The Abraham Joshua Heschel School,,,,,,,,,,,,,,
71,USA,98,United Nations Human Rights Council,86,The Abraham Joshua Heschel School,,,,,,,,,,,,,,
72,China,98,United Nations Human Rights Council,86,The Abraham Joshua Heschel School,,,,,,,,,,,,,,
291,Indonesia,106,United Nations International Children’s Emergency Fund,86,The Abraham Joshua Heschel School,,,,,,,,,,,,,,
272,Czechia ,106,United Nations International Children’s Emergency Fund,86,The Abraham Joshua Heschel School,,,,,,,,,,,,,,
331,China,100,United Nations Office on Drugs and Crime,86,The Abraham Joshua Heschel School,,,,,,,,,,,,,,
330,USA,100,United Nations Office on Drugs and Crime,86,The Abraham Joshua Heschel School,,,,,,,,,,,,,,
158,Afghanistan,96,World Health Organization,86,The Abraham Joshua Heschel School,,,,,,,,,,,,,,
133,France,96,World Health Organization,86,The Abraham Joshua Heschel School,,,,,,,,,,,,,,
831,Kirgiz Soviet Socialist Republic,115,27th Congress of the Communist Party of the Soviet Union (1986),96,The Bronx High School of Science,,,,,,,,,,,,,,
829,Georgian Soviet Socialist Republic,115,27th Congress of the Communist Party of the Soviet Union (1986),96,The Bronx High School of Science,,,,,,,,,,,,,,
567,People's Republic of China,95,Accelerando 2030,96,The Bronx High School of Science,,,,,,,,,,,,,,
590,Position 3,81,Ad-Hoc,96,The Bronx High School of Science,,,,,,,,,,,,,,
561,"Ian Blackford, Leader of the Scottish National Party in the House of Commons",93,Brexit,96,The Bronx High School of Science,,,,,,,,,,,,,,
541,Alan Simpson - Wyoming,79,Convention on the Elimination of all Forms of Discrimination Against Women (CEDAW),96,The Bronx High School of Science,,,,,,,,,,,,,,
523,Vincent Oge,80,Estates General (1789),96,The Bronx High School of Science,,,,,,,,,,,,,,
784,Friedrich Christoph Dahlmann,113,Frankfurt Parliament (1848),96,The Bronx High School of Science,,,,,,,,,,,,,,
788,Johann Droysen,113,Frankfurt Parliament (1848),96,The Bronx High School of Science,,,,,,,,,,,,,,
392,Turkey,105,GA Plenary,96,The Bronx High School of Science,,,,,,,,,,,,,,
381,Thailand,105,GA Plenary,96,The Bronx High School of Science,,,,,,,,,,,,,,
492,Adolfo de la Huerta,82,Mexican Constitutional Congress (1917),96,The Bronx High School of Science,,,,,,,,,,,,,,
770,new Zealand,92,Pacific Island Leaders Meeting (2018),96,The Bronx High School of Science,,,,,,,,,,,,,,
780,French Polynesia,92,Pacific Island Leaders Meeting (2018),96,The Bronx High School of Science,,,,,,,,,,,,,,
651,Matthew Porteus,86,Second International Summit on Human Genome Editing (2018),96,The Bronx High School of Science,,,,,,,,,,,,,,
661,Ames Dhai,86,Second International Summit on Human Genome Editing (2018),96,The Bronx High School of Science,,,,,,,,,,,,,,
628,John Michael Clancy,77,The Gilded Age (1892),96,The Bronx High School of Science,,,,,,,,,,,,,,
627,James McMillan,77,The Gilded Age (1892),96,The Bronx High School of Science,,,,,,,,,,,,,,
754,Iwane Matsui (Japan),94,Tokyo Trials (1946-48),96,The Bronx High School of Science,,,,,,,,,,,,,,
757,Radhabinod Pal (India),94,Tokyo Trials (1946-48),96,The Bronx High School of Science,,,,,,,,,,,,,,
709,United Kingdom,85,UN Climate Change Conference (2020),96,The Bronx High School of Science,,,,,,,,,,,,,,
722,Sudan,85,UN Climate Change Conference (2020),96,The Bronx High School of Science,,,,,,,,,,,,,,
320,Saudia Arabia,103,United Nations Economic and Social Council,96,The Bronx High School of Science,,,,,,,,,,,,,,
310,Madagascar,103,United Nations Economic and Social Council,96,The Bronx High School of Science,,,,,,,,,,,,,,
129,Romania,110,United Nations High Commissioner for Refugees,96,The Bronx High School of Science,,,,,,,,,,,,,,
127,Poland,110,United Nations High Commissioner for Refugees,96,The Bronx High School of Science,,,,,,,,,,,,,,
357,Cuba,100,United Nations Office on Drugs and Crime,96,The Bronx High School of Science,,,,,,,,,,,,,,
345,Mexico,100,United Nations Office on Drugs and Crime,96,The Bronx High School of Science,,,,,,,,,,,,,,
18,Madagascar,109,African Union,147,The Rimun Group,,,,,,,,,,,,,,
37,Senegal,109,African Union,147,The Rimun Group,,,,,,,,,,,,,,
811,Jeffrey M. Blackburn,91,Amazon Board of Directors (2019),147,The Rimun Group,,,,,,,,,,,,,,
814,Jeffrey A. Wilke,91,Amazon Board of Directors (2019),147,The Rimun Group,,,,,,,,,,,,,,
199,Morocco,104,Arab League,147,The Rimun Group,,,,,,,,,,,,,,
206,Syria,104,Arab League,147,The Rimun Group,,,,,,,,,,,,,,
691,Ambassador Sottocorno,88,Congress of Lutsk (1429) ,147,The Rimun Group,,,,,,,,,,,,,,
696,Ambassador Abdullah,88,Congress of Lutsk (1429) ,147,The Rimun Group,,,,,,,,,,,,,,
631,Peru,84,Congress of Panama (1826),147,The Rimun Group,,,,,,,,,,,,,,
634,Chile,84,Congress of Panama (1826),147,The Rimun Group,,,,,,,,,,,,,,
58,Mexico ,97,Disarmament and International Security Committee,147,The Rimun Group,,,,,,,,,,,,,,
50,Ivory Coast,97,Disarmament and International Security Committee,147,The Rimun Group,,,,,,,,,,,,,,
160,Austria,99,European Union,147,The Rimun Group,,,,,,,,,,,,,,
781,Carl Joseph Anton Mittermaier,113,Frankfurt Parliament (1848),147,The Rimun Group,,,,,,,,,,,,,,
790,Karl Vogt,113,Frankfurt Parliament (1848),147,The Rimun Group,,,,,,,,,,,,,,
801,mali,112,Organization of African Unity (1963),147,The Rimun Group,,,,,,,,,,,,,,
805,Guinea Conakry,112,Organization of African Unity (1963),147,The Rimun Group,,,,,,,,,,,,,,
768,Republic of Marshall Islands,92,Pacific Island Leaders Meeting (2018),147,The Rimun Group,,,,,,,,,,,,,,
764,Cook Islands,92,Pacific Island Leaders Meeting (2018),147,The Rimun Group,,,,,,,,,,,,,,
737,Houari Boumediène,89,Post-Colonial Algeria (1962),147,The Rimun Group,,,,,,,,,,,,,,
738,Djamila Boupacha ,89,Post-Colonial Algeria (1962),147,The Rimun Group,,,,,,,,,,,,,,
856,Le Monde 2,83,Press Corps (2019),147,The Rimun Group,,,,,,,,,,,,,,
846,Sydney Morning Herald 1,83,Press Corps (2019),147,The Rimun Group,,,,,,,,,,,,,,
658,Sivaprakash Ramalingam,86,Second International Summit on Human Genome Editing (2018),147,The Rimun Group,,,,,,,,,,,,,,
644,Feng Zhang,86,Second International Summit on Human Genome Editing (2018),147,The Rimun Group,,,,,,,,,,,,,,
751,Delfin Jaranilla (Philippines),94,Tokyo Trials (1946-48),147,The Rimun Group,,,,,,,,,,,,,,
728,Peru,85,UN Climate Change Conference (2020),147,The Rimun Group,,,,,,,,,,,,,,
29,Tanzania,109,African Union,90,Vermont Commons School,,,,,,,,,,,,,,
499,Charles Gaspard Elisabeth Joseph de Bailly,80,Estates General (1789),90,Vermont Commons School,,,,,,,,,,,,,,
365,South Korea,105,GA Plenary,90,Vermont Commons School,,,,,,,,,,,,,,
453,United Kingdom,111,Special Political and Decolonization Committee,90,Vermont Commons School,,,,,,,,,,,,,,
448,Russian Federation,111,Special Political and Decolonization Committee,90,Vermont Commons School,,,,,,,,,,,,,,
718,Solomon Islands,85,UN Climate Change Conference (2020),90,Vermont Commons School,,,,,,,,,,,,,,
704,Saudi Arabia,85,UN Climate Change Conference (2020),90,Vermont Commons School,,,,,,,,,,,,,,
241,Ghana,107,UN Women,90,Vermont Commons School,,,,,,,,,,,,,,
255,Chile,107,UN Women,90,Vermont Commons School,,,,,,,,,,,,,,
101,USA,110,United Nations High Commissioner for Refugees,90,Vermont Commons School,,,,,,,,,,,,,,
81,Libya,98,United Nations Human Rights Council,90,Vermont Commons School,,,,,,,,,,,,,,
84,Latvia,98,United Nations Human Rights Council,90,Vermont Commons School,,,,,,,,,,,,,,
277,Greece,106,United Nations International Children’s Emergency Fund,90,Vermont Commons School,,,,,,,,,,,,,,
292,India,106,United Nations International Children’s Emergency Fund,90,Vermont Commons School,,,,,,,,,,,,,,
347,Myanmar,100,United Nations Office on Drugs and Crime,90,Vermont Commons School,,,,,,,,,,,,,,
334,Djibouti,100,United Nations Office on Drugs and Crime,90,Vermont Commons School,,,,,,,,,,,,,,
145,Latvia,96,World Health Organization,90,Vermont Commons School,,,,,,,,,,,,,,
143,Ireland,96,World Health Organization,90,Vermont Commons School,,,,,,,,,,,,,,
587,Egypt,95,Accelerando 2030,124,Western Reserve Academy,,,,,,,,,,,,,,
602,Position 15,81,Ad-Hoc,124,Western Reserve Academy,,,,,,,,,,,,,,
5,Cameroon,109,African Union,124,Western Reserve Academy,,,,,,,,,,,,,,
39,Cape Verde,109,African Union,124,Western Reserve Academy,,,,,,,,,,,,,,
812,Andrew R. Jassy,91,Amazon Board of Directors (2019),124,Western Reserve Academy,,,,,,,,,,,,,,
810,Brian T. Olsavsky,91,Amazon Board of Directors (2019),124,Western Reserve Academy,,,,,,,,,,,,,,
550,"Greg Clark, Secretary of State for Business, Energy, and Industrial Strategy",93,Brexit,124,Western Reserve Academy,,,,,,,,,,,,,,
687,"King Erik of Norway, Sweden, and Denmark",88,Congress of Lutsk (1429) ,124,Western Reserve Academy,,,,,,,,,,,,,,
699,Ambassador Tankut,88,Congress of Lutsk (1429) ,124,Western Reserve Academy,,,,,,,,,,,,,,
633,Mexico,84,Congress of Panama (1826),124,Western Reserve Academy,,,,,,,,,,,,,,
61,Peru ,97,Disarmament and International Security Committee,124,Western Reserve Academy,,,,,,,,,,,,,,
480,Francisco “Pancho” Villa,82,Mexican Constitutional Congress (1917),124,Western Reserve Academy,,,,,,,,,,,,,,
684,Cynthia Davis,87,Seneca Falls Convention (1848),124,Western Reserve Academy,,,,,,,,,,,,,,
674,Charlotte Woodward,87,Seneca Falls Convention (1848),124,Western Reserve Academy,,,,,,,,,,,,,,
412,Indonesia,108,"United Nations Educational, Scientific, and Cultural Organization",124,Western Reserve Academy,,,,,,,,,,,,,,
399,Afghanistan,108,"United Nations Educational, Scientific, and Cultural Organization",124,Western Reserve Academy,,,,,,,,,,,,,,
826,Azerbaijan Soviet Socialist Republic,115,27th Congress of the Communist Party of the Soviet Union (1986),84,Westwood High School,,,,,,,,,,,,,,
573,Ethiopia,95,Accelerando 2030,84,Westwood High School,,,,,,,,,,,,,,
601,Position 14,81,Ad-Hoc,84,Westwood High School,,,,,,,,,,,,,,
540,Thad Cochran - Michigan,79,Convention on the Elimination of all Forms of Discrimination Against Women (CEDAW),84,Westwood High School,,,,,,,,,,,,,,
515,Jean-Paul Rabaut Saint-Etienne,80,Estates General (1789),84,Westwood High School,,,,,,,,,,,,,,
472,Ward 9: Councilman Thomas Murray,78,Providence City Council (1975),84,Westwood High School,,,,,,,,,,,,,,
642,David Baltimore,86,Second International Summit on Human Genome Editing (2018),84,Westwood High School,,,,,,,,,,,,,,
761,Sir William Webb (Australia),94,Tokyo Trials (1946-48),84,Westwood High School,,,,,,,,,,,,,,
753,Douglas MacArthur (US),94,Tokyo Trials (1946-48),84,Westwood High School,,,,,,,,,,,,,,
716,Maldives,85,UN Climate Change Conference (2020),84,Westwood High School,,,,,,,,,,,,,,
266,China,107,UN Women,84,Westwood High School,,,,,,,,,,,,,,
253,Hungary,107,UN Women,84,Westwood High School,,,,,,,,,,,,,,
137,Botswana,96,World Health Organization,84,Westwood High School,,,,,,,,,,,,,,
156,Liberia,96,World Health Organization,84,Westwood High School,,,,,,,,,,,,,,
579,Iran,95,Accelerando 2030,93,Wheeler,,,,,,,,,,,,,,
514,Jean Paul Marat,80,Estates General (1789),93,Wheeler,,,,,,,,,,,,,,
395,Afghanistan,105,GA Plenary,93,Wheeler,,,,,,,,,,,,,,
373,Argentina,105,GA Plenary,93,Wheeler,,,,,,,,,,,,,,
766,Fiji,92,Pacific Island Leaders Meeting (2018),93,Wheeler,,,,,,,,,,,,,,
774,Samoa,92,Pacific Island Leaders Meeting (2018),93,Wheeler,,,,,,,,,,,,,,
662,Mohammed Ghaly,86,Second International Summit on Human Genome Editing (2018),93,Wheeler,,,,,,,,,,,,,,
656,Julian Savulescu,86,Second International Summit on Human Genome Editing (2018),93,Wheeler,,,,,,,,,,,,,,
462,Papua New Guinea,111,Special Political and Decolonization Committee,93,Wheeler,,,,,,,,,,,,,,
447,Syria,111,Special Political and Decolonization Committee,93,Wheeler,,,,,,,,,,,,,,
721,mali,85,UN Climate Change Conference (2020),93,Wheeler,,,,,,,,,,,,,,
708,india,85,UN Climate Change Conference (2020),93,Wheeler,,,,,,,,,,,,,,
263,South Africa,107,UN Women,93,Wheeler,,,,,,,,,,,,,,
315,People's Republic of China,103,United Nations Economic and Social Council,93,Wheeler,,,,,,,,,,,,,,
112,Somalia,110,United Nations High Commissioner for Refugees,93,Wheeler,,,,,,,,,,,,,,
104,Russian Federation,110,United Nations High Commissioner for Refugees,93,Wheeler,,,,,,,,,,,,,,
342,Lithuania,100,United Nations Office on Drugs and Crime,93,Wheeler,,,,,,,,,,,,,,
329,United Kingdom,100,United Nations Office on Drugs and Crime,93,Wheeler,,,,,,,,,,,,,,
577,Ukraine,95,Accelerando 2030,99,Wyoming Seminary,,,,,,,,,,,,,,
556,"Jeremy Corbyn, Leader of the opposition, Leader of the Labour Party",93,Brexit,99,Wyoming Seminary,,,,,,,,,,,,,,
532,Patsy Takemoto Mink - Hawaii,79,Convention on the Elimination of all Forms of Discrimination Against Women (CEDAW),99,Wyoming Seminary,,,,,,,,,,,,,,
517,Madame Roland,80,Estates General (1789),99,Wyoming Seminary,,,,,,,,,,,,,,
390,Italy,105,GA Plenary,99,Wyoming Seminary,,,,,,,,,,,,,,
388,Ecuador,105,GA Plenary,99,Wyoming Seminary,,,,,,,,,,,,,,
483,"José Mora y del Rio, Archbishop of Mexico",82,Mexican Constitutional Congress (1917),99,Wyoming Seminary,,,,,,,,,,,,,,
807,Algeria,112,Organization of African Unity (1963),99,Wyoming Seminary,,,,,,,,,,,,,,
847,Yomiuri Shimbun 1,83,Press Corps (2019),99,Wyoming Seminary,,,,,,,,,,,,,,
843,The Guardian 1,83,Press Corps (2019),99,Wyoming Seminary,,,,,,,,,,,,,,
750,Emperor Hirohito (Japan),94,Tokyo Trials (1946-48),99,Wyoming Seminary,,,,,,,,,,,,,,
756,Ivan Michyevich Zaryanov (Soviet Union),94,Tokyo Trials (1946-48),99,Wyoming Seminary,,,,,,,,,,,,,,
324,Thailand,103,United Nations Economic and Social Council,99,Wyoming Seminary,,,,,,,,,,,,,,
312,Morocco,103,United Nations Economic and Social Council,99,Wyoming Seminary,,,,,,,,,,,,,,
123,Latvia,110,United Nations High Commissioner for Refugees,99,Wyoming Seminary,,,,,,,,,,,,,,
120,Libya,110,United Nations High Commissioner for Refugees,99,Wyoming Seminary,,,,,,,,,,,,,,
337,Lebanon,100,United Nations Office on Drugs and Crime,99,Wyoming Seminary,,,,,,,,,,,,,,
157,Pakistan,96,World Health Organization,99,Wyoming Seminary,,,,,,,,,,,,,,
578,Israel,95,Accelerando 2030,87,Xaverian Brothers High School,,,,,,,,,,,,,,
544,Olympia Snowe - Maine,79,Convention on the Elimination of all Forms of Discrimination Against Women (CEDAW),87,Xaverian Brothers High School,,,,,,,,,,,,,,
505,Jacques Pierre Brissot,80,Estates General (1789),87,Xaverian Brothers High School,,,,,,,,,,,,,,
767,Kiribati,92,Pacific Island Leaders Meeting (2018),87,Xaverian Brothers High School,,,,,,,,,,,,,,
771,Niue,92,Pacific Island Leaders Meeting (2018),87,Xaverian Brothers High School,,,,,,,,,,,,,,
649,Xiaomei Zhai,86,Second International Summit on Human Genome Editing (2018),87,Xaverian Brothers High School,,,,,,,,,,,,,,
654,Kazuto Kato,86,Second International Summit on Human Genome Editing (2018),87,Xaverian Brothers High School,,,,,,,,,,,,,,
714,Netherlands,85,UN Climate Change Conference (2020),87,Xaverian Brothers High School,,,,,,,,,,,,,,
725,Brazil,85,UN Climate Change Conference (2020),87,Xaverian Brothers High School,,,,,,,,,,,,,,
244,Rwanda,107,UN Women,87,Xaverian Brothers High School,,,,,,,,,,,,,,
247,Bangladesh,107,UN Women,87,Xaverian Brothers High School,,,,,,,,,,,,,,
150,Saudi Arabia,96,World Health Organization,87,Xaverian Brothers High School,,,,,,,,,,,,,,